"model","arm","b","P","S","n_ctx_min","n_ctx_pred","kappa_bytes","kv_bytes_min","rho_meas","rho_pred","prefill_ms","fork_us_p50","fork_us_p99","step_us_p50","step_us_p90","step_us_p99","jitter_us","tok_per_s","private_bytes","peak_ws_bytes","max_abs_logit_diff","token_match_rate"
"SmolLM2-135M-Instruct-Q4_K_M.gguf","naive","2","1024","200","2560","2560","23040","58982400","NA","1.719101","7070.164200","0.000000","0.000000","34438.500000","49741.500000","67230.000000","32791.500000","56.327305","163172352","206254080","NA","NA"
"SmolLM2-135M-Instruct-Q4_K_M.gguf","naive","2","2048","200","4608","4608","23040","106168320","NA","1.836601","13107.331600","0.000000","0.000000","34881.900000","53639.100000","133787.600000","98905.700000","50.749782","210776064","253911040","NA","NA"
"SmolLM2-135M-Instruct-Q4_K_M.gguf","naive","4","1024","200","5120","5120","23040","117964800","NA","2.684211","10882.205600","0.000000","0.000000","31610.000000","37807.100000","42579.500000","10969.500000","123.197539","223891456","266842112","NA","NA"
"SmolLM2-135M-Instruct-Q4_K_M.gguf","naive","4","2048","200","9216","9216","23040","212336640","NA","3.157303","24854.290000","0.000000","0.000000","43455.800000","48336.500000","57440.300000","13984.500000","89.897317","319148032","362147840","NA","NA"
"SmolLM2-135M-Instruct-Q4_K_M.gguf","naive","8","1024","200","10240","10240","23040","235929600","NA","3.731707","16873.769800","0.000000","0.000000","54145.200000","63882.700000","73129.200000","18984.000000","143.155223","345559040","388182016","NA","NA"
"SmolLM2-135M-Instruct-Q4_K_M.gguf","naive","8","2048","200","18432","18432","23040","424673280","NA","4.929825","40614.013700","0.000000","0.000000","84208.500000","96829.000000","127863.800000","43655.300000","92.345047","535973888","578510848","NA","NA"
"SmolLM2-135M-Instruct-Q4_K_M.gguf","naive","16","1024","200","20480","20480","23040","471859200","NA","4.636364","33936.233100","0.000000","0.000000","104053.000000","136252.500000","237855.000000","133802.000000","144.176185","588681216","627326976","NA","NA"
"SmolLM2-135M-Instruct-Q4_K_M.gguf","naive","16","2048","200","36864","36864","23040","849346560","NA","6.853659","79870.138200","0.000000","0.000000","151708.800000","172433.600000","226626.500000","74917.700000","102.071324","969834496","1011089408","NA","NA"
"SmolLM2-135M-Instruct-Q4_K_M.gguf","tree","2","1024","200","1536","1536","23040","35389440","NA","1.719101","2122.594900","0.200000","0.200000","17511.500000","19799.500000","21584.800000","4073.300000","112.939862","138895360","182095872","NA","NA"
"SmolLM2-135M-Instruct-Q4_K_M.gguf","tree","2","2048","200","2560","2560","23040","58982400","NA","1.836601","5970.432500","0.100000","0.100000","28330.200000","31430.600000","44076.400000","15746.200000","69.112896","162869248","206245888","NA","NA"
"SmolLM2-135M-Instruct-Q4_K_M.gguf","tree","4","1024","200","2048","2048","23040","47185920","NA","2.684211","2527.914600","83.100000","112.100000","32528.200000","45047.100000","77413.600000","44885.400000","114.487977","152838144","194813952","NA","NA"
"SmolLM2-135M-Instruct-Q4_K_M.gguf","tree","4","2048","200","3072","3072","23040","70778880","NA","3.157303","6364.891000","206.500000","251.700000","48304.200000","56867.500000","70506.900000","22202.700000","80.127341","175591424","219054080","NA","NA"
"SmolLM2-135M-Instruct-Q4_K_M.gguf","tree","8","1024","200","2816","2816","23040","64880640","NA","3.731707","2393.609100","111.500000","121.900000","56090.600000","63812.100000","79133.500000","23042.900000","140.239595","171556864","214847488","NA","NA"
"SmolLM2-135M-Instruct-Q4_K_M.gguf","tree","8","2048","200","3840","3840","23040","88473600","NA","4.929825","5411.331300","193.900000","230.600000","79953.700000","89859.800000","99930.400000","19976.700000","98.302909","195526656","239042560","NA","NA"
"SmolLM2-135M-Instruct-Q4_K_M.gguf","tree","16","1024","200","4352","4352","23040","100270080","NA","4.636364","2461.575100","115.900000","163.200000","113845.800000","126794.300000","139018.100000","25172.300000","140.107419","210726912","254324736","NA","NA"
